timestamp,question,response,confidence,source_count,collections_used,has_bible_ref,has_dual_sources,offer_callback,response_length,question_category,notes
2025-11-22T18:31:17.473054,How will you protect Social Security and Medicare for future generations?,"As Brandon, I'd say, ""To protect Social Security and Medicare for future generations, we're committed to restoring economic stability and preventing fraud and waste. We'll ensure these vital programs are safeguarded from corruption and unnecessary expendits, like those funding illegal immigration into Medicare. By focusing on preventative healthcare and supporting our seniors' active and healthy lifestyles, we're investing in a robust future for Social Security and Medicare.""",0.8176191449165344,3,unknown,False,,False,480,Economic - Entitlements,High priority for older demographic
2025-11-22T18:48:58.605793,"What is your plan to address inflation and the rising cost of groceries, gas, and utilities?","As BrandonBot, I'd say: ""To tackle inflation and the rising costs of essentials like groceries, gas, and utilities, my plan includes exploring a gold or energy-backed currency system to stabilize our dollar. We'll also cut out middlemen to lower costs and speed up permits for energy projects to create jobs and reduce expenses. It's about bringing power and affordability back to American families.""",0.7754446268081665,3,unknown,False,,False,400,Economic - Inflation,Cost of living - critical for fixed-income seniors
2025-11-22T19:10:29.917529,"What is your plan to address inflation and the rising cost of groceries, gas, and utilities?",I'm having trouble generating a complete response. Would you like Brandon to call you back?,0.7754446268081665,3,unknown,False,,False,91,Economic - Inflation,Cost of living - critical for fixed-income seniors
2025-11-22T19:11:30.948476,How will you reduce federal income and capital gains taxes?,I'm having trouble generating a complete response. Would you like Brandon to call you back?,0.6994971632957458,3,unknown,False,,False,91,Economic - Taxation,Key for high-net-worth constituents
2025-11-22T19:13:52.639688,"What is your plan to address inflation and the rising cost of groceries, gas, and utilities?",I'm having trouble generating a complete response. Would you like Brandon to call you back?,0.7754446268081665,3,unknown,False,,False,91,Economic - Inflation,Cost of living - critical for fixed-income seniors
2025-11-22T19:15:03.726459,How will you reduce federal income and capital gains taxes?,I'm having trouble generating a complete response. Would you like Brandon to call you back?,0.6994971632957458,3,unknown,False,,False,91,Economic - Taxation,Key for high-net-worth constituents
2025-11-22T19:16:05.607442,What is your position on federal spending and deficit reduction?,I'm having trouble generating a complete response. Would you like Brandon to call you back?,0.7922035753726959,3,unknown,False,,False,91,Economic - Fiscal,Fiscal responsibility pillar
2025-11-22T19:17:14.183850,How will you protect Social Security and Medicare for future generations?,I'm having trouble generating a complete response. Would you like Brandon to call you back?,0.8176191449165344,3,unknown,False,,False,91,Economic - Entitlements,High priority for older demographic
2025-11-22T19:18:15.277371,What will you do about housing affordability and rising home prices?,I'm having trouble generating a complete response. Would you like Brandon to call you back?,0.7706308364868164,3,unknown,False,,False,91,Economic - Housing,Federal role in interest rates and tax incentives
2025-11-22T19:19:25.200595,How will you support small businesses and reduce regulations?,I'm having trouble generating a complete response. Would you like Brandon to call you back?,0.790480226278305,3,unknown,False,,False,91,Economic - Growth,Deregulation for high-tech/finance sectors
2025-11-22T19:20:37.305169,What will you do about border security and illegal immigration?,I'm having trouble generating a complete response. Would you like Brandon to call you back?,0.8141109943389893,3,unknown,False,,False,91,Arizona - Border,"Top-tier issue for AZ, drug cartels"
